{
	"info": {
		"_postman_id": "d07c6a86-ff13-4d32-a4a1-7eb6466137e9",
		"name": "Aula_Pratica_Flask",
		"schema": "https://schema.getpostman.com/json/collection/v2.1.0/collection.json"
	},
	"item": [
		{
			"name": "Teste",
			"request": {
				"method": "GET",
				"header": [],
				"url": {
					"raw": ""
				},
				"description": "Requeste criado para testar!"
			},
			"response": []
		},
		{
			"name": "Soma",
			"request": {
				"method": "GET",
				"header": [],
				"url": {
					"raw": ""
				},
				"description": "Somar números"
			},
			"response": []
		},
		{
			"name": "Multiplicacao",
			"request": {
				"method": "GET",
				"header": [],
				"url": {
					"raw": ""
				}
			},
			"response": []
		},
		{
			"name": "Divisao",
			"request": {
				"method": "GET",
				"header": [],
				"url": {
					"raw": ""
				}
			},
			"response": []
		}
	],
	"protocolProfileBehavior": {}
}